{"is_barriernet": true, "weights_path": "model_l_saf_g_1_bn.pth", "include_goal": true, "nHidden1": 128, "nHidden21": 32, "nHidden22": 32, "input_mean": [0.8979460505562477, 0.005505538760399884, 0.2942730970264114, 0.14182834112559609, 0.8979459886208606, -0.005505681672283053, -0.2942732869806681, 0.14182833874097736, 1.102053949443752, 0.19449446123960018], "input_std": [1.0370810839163487, 0.3570148774733947, 0.16663647463049097, 0.10916551661695376, 1.0370810250949452, 0.35701500746222903, 0.1666364879259405, 0.10916551572488592, 1.0370810839163487, 0.3570148774733948], "label_mean": [4.595861648884739e-05, 0.01433389632958715], "label_std": [0.06650161772704814, 0.12444192943272409]}