{"iterations": [{"states": [[-1.0, 0.5, 0.0, 0.0], [-1.0, -0.5, 0.0, 0.0]], "goals": [[2.0, -0.15, 0.0, 0.0], [2.0, 0.15, 0.0, 0.0]], "controls": [[-0.15088275785934468, 0.1], [0.15088275525244352, 0.1]], "use_for_training": [true, true]}, {"states": [[-1.0, 0.50000000002, -0.030176551571868937, 0.020000000000000004], [-1.0, -0.49999999998, 0.030176551050488706, 0.020000000000000004]], "goals": [[2.0, -0.15, 0.0, 0.0], [2.0, 0.15, 0.0, 0.0]], "controls": [[-0.15303081285406073, 0.1], [0.07397246066494613, -0.013333300054066003]], "use_for_training": [true, true]}], "obstacles": [[1, 0.25, 0.1], [1, -0.25, 0.1], [1, 0.35, 0.1], [1, -0.35, 0.1], [1, 0.44999999999999996, 0.1], [1, -0.44999999999999996, 0.1], [1, 0.5499999999999999, 0.1], [1, -0.5499999999999999, 0.1], [1, 0.6499999999999999, 0.1], [1, -0.6499999999999999, 0.1], [1, 0.7499999999999999, 0.1], [1, -0.7499999999999999, 0.1], [1, 0.8499999999999999, 0.1], [1, -0.8499999999999999, 0.1], [1, 0.9499999999999998, 0.1], [1, -0.9499999999999998, 0.1], [1, 1.0499999999999998, 0.1], [1, -1.0499999999999998, 0.1]]}