{"is_barriernet": true, "weights_path": "livetest7_intersection_0_1_bn.pth", "nHidden1": 256, "nHidden21": 64, "nHidden22": 64, "nHidden23": 64, "nHidden24": null, "input_mean": [1.2300217877187547, 3.734492695028728e-05, 9.173241354967542e-05, 0.17594050724962873, 0.0, 0.0, 9.17324135496769e-05, 0.17594050724962873, 0.23002178771875514, 0.0006142680038733618, 0.0, 0.0, 0.23002178771875514, -0.0008280396884343275, 0.0, 0.0, 0.23002178771875514, 0.0015517680038733565, 0.0, 0.0, 0.23002178771875514, -0.0017655396884343289, 0.0, 0.0, 0.23002178771875514, 0.0018161910807964344, 0.0, 0.0, 0.23002178771875514, -0.0018857319961266383, 0.0, 0.0, 0.23002178771875514, 0.002609460311565663, 0.0, 0.0, 0.23002178771875514, -0.0026790012268958783, 0.0, 0.0, 0.23002178771875514, 0.005277729542334896, 0.0, 0.0, 0.23002178771875514, -0.005347270457665086, 0.0, 0.0, 0.23002178771875514, 0.00357099877310413, 0.0, 0.0, 2.221124462853566], "input_std": [1.0149364720582434, 0.3933618976770553, 0.2587754917932194, 0.10942216586344632, 0.2856565037408195, 0.5058696741373866, 0.25877549179321946, 0.10942216586344632, 1.0149364720582437, 0.11325211850005447, 0.0, 0.0, 1.0149364720582437, 0.17807271965282873, 0.0, 0.0, 1.0149364720582437, 0.2514277999883334, 0.0, 0.0, 1.0149364720582437, 0.3186237876964241, 0.0, 0.0, 1.0149364720582437, 0.382323375540579, 0.0, 0.0, 1.0149364720582437, 0.4485040880406219, 0.0, 0.0, 1.0149364720582437, 0.5074836436001273, 0.0, 0.0, 1.0149364720582437, 0.5664340459638142, 0.0, 0.0, 1.0149364720582437, 0.6214111051796457, 0.0, 0.0, 1.0149364720582437, 0.6792735446766439, 0.0, 0.0, 1.0149364720582437, 0.7352247026849511, 0.0, 0.0, 1.0265520044895289], "label_mean": [1.8581395640605988e-05, 0.0005007925409162572], "label_std": [0.10832288694924083, 0.06509913058328964], "add_control_limits": false, "add_liveness_filter": false, "separate_penalty_for_opp": false, "x_is_d_goal": true, "add_liveness_as_input": true, "n_opponents": 12, "fixed_liveness_input": true}