{"is_barriernet": true, "weights_path": "livetest5_intersection_0_1_bn.pth", "nHidden1": 256, "nHidden21": 64, "nHidden22": 64, "nHidden23": 64, "nHidden24": 64, "input_mean": [0.4287117538917879, 0.4298660402353782, 0.785569065879252, 0.14273568289721172, 0.0, 0.0, 0.785569065879252, 0.14273568289721175, 0.03109270627274011, 0.07438984975918764, 0.0, 0.0, -0.04370888102884726, -0.08187999151065378, 0.0, 0.0, 0.01716413484416867, 0.061016833886171615, 0.0, 0.0, -0.04581205563202183, -0.08557046770112992, 0.0, 0.0, 0.030814928494962354, 0.07978667515601295, 0.0, 0.0, -0.05283586515583131, -0.08588792801859028, 0.0, 0.0, 0.02387048405051787, 0.06538191325125108, 0.0, 0.0, -0.06855015087011694, -0.0951736423043046, 0.0, 0.0, 0.002799055479089315, 0.06724699261633052, 0.0, 0.0, -0.0811295159494822, -0.08775300738366952, 0.0, 0.0, 0.0031958808759146506, 0.050659691029028925, 0.0, 0.0], "input_std": [0.6932826361972054, 0.6931443323544271, 0.7837041590917256, 0.10768935367891988, 0.7811409427137863, 0.780604327690962, 0.7837041590917256, 0.10768935367891988, 0.21643790407619326, 0.2064768681665779, 0.0, 0.0, 0.21565407508767476, 0.20487275448217523, 0.0, 0.0, 0.23201476389827705, 0.22578822400638773, 0.0, 0.0, 0.23050866768404912, 0.21875910368560214, 0.0, 0.0, 0.25370702365930564, 0.24175399547756427, 0.0, 0.0, 0.2516875884044669, 0.24238409389758395, 0.0, 0.0, 0.2830422860340086, 0.27727557072245274, 0.0, 0.0, 0.2783505179322382, 0.27044858617821144, 0.0, 0.0, 0.3189129557122059, 0.3099936585374767, 0.0, 0.0, 0.3103559090680133, 0.307325583035548, 0.0, 0.0, 0.35804552182167704, 0.3537399445567509, 0.0, 0.0], "label_mean": [9.316781880829791e-05, 0.000313765196412209], "label_std": [0.08863864627974721, 0.06580065880504637], "add_control_limits": false, "add_liveness_filter": true, "separate_penalty_for_opp": false, "x_is_d_goal": true, "add_liveness_as_input": false, "n_opponents": 12, "fixed_liveness_input": true}