{"is_barriernet": true, "weights_path": "model_30_norm_intersuite2_lfnew_0_1_bn.pth", "nHidden1": 256, "nHidden21": 64, "nHidden22": 64, "nHidden23": 64, "nHidden24": 64, "input_mean": [0.46110029839538386, 0.46248222385375487, 0.7854183454876276, 0.15546294935976868, 0.0, 0.0, 0.7854183454876275, 0.15546294935976868, 0.07079595056929765, 0.02261265863636441, 0.0, 0.0, -0.02211709290896325, -0.03134386310276599, 0.0, 0.0, 0.005882907091036695, 0.02687352820158175, 0.0, 0.0, -0.07703013638722393, -0.022909080494070404, 0.0, 0.0, 0.05770899404755858, 0.013003962984190489, 0.0, 0.0, -0.07346491899591959, -0.029082993537548677, 0.0, 0.0, 0.052969863612775836, 0.010047441245060051, 0.0, 0.0, -0.09894317986548477, -0.02977864571146168, 0.0, 0.0, 0.04827421143886283, 0.0051343977667991795, 0.0, 0.0, -0.12350839725678947, -0.031039515276679162, 0.0, 0.0, 0.03457855926494972, 0.0031778760276687723, 0.0, 0.0], "input_std": [0.7051198209540778, 0.7054168586566882, 0.785394425391408, 0.10255169607909748, 0.762196547728908, 0.7608994921979892, 0.785394425391408, 0.10255169607909748, 0.21094689068560615, 0.22135127029404847, 0.0, 0.0, 0.22142760453789245, 0.22031852049005451, 0.0, 0.0, 0.2330195880947821, 0.2314965276890507, 0.0, 0.0, 0.2200155011595385, 0.23195117888903455, 0.0, 0.0, 0.24970482196303143, 0.25589399447896927, 0.0, 0.0, 0.24556300571303455, 0.25461839926752067, 0.0, 0.0, 0.28036543703988875, 0.28473248015358493, 0.0, 0.0, 0.26748216821286974, 0.28356041214751687, 0.0, 0.0, 0.3148127570349845, 0.31848144289777935, 0.0, 0.0, 0.293752064264573, 0.31690695618339404, 0.0, 0.0, 0.355807881213545, 0.3570887106893088, 0.0, 0.0], "label_mean": [1.4985748355418881e-05, 0.0010162515933256058], "label_std": [0.0007481524294405374, 0.06260348447412732], "add_control_limits": false, "add_liveness_filter": true, "separate_penalty_for_opp": false, "x_is_d_goal": true, "add_liveness_as_input": false, "n_opponents": 12, "fixed_liveness_input": true}