{"is_barriernet": true, "weights_path": "model_base_single_all_obs_nolim0_1_bn.pth", "nInputs": 8, "nHidden1": 256, "nHidden21": 64, "nHidden22": 64, "nHidden23": 64, "nHidden24": null, "input_mean": [1.2300217877187547, 3.734492695028728e-05, 9.173241354967542e-05, 0.17594050724962873, 0.0, 0.0, 9.17324135496769e-05, 0.17594050724962873], "input_std": [1.0149364720582434, 0.3933618976770553, 0.2587754917932194, 0.10942216586344632, 0.2856565037408195, 0.5058696741373866, 0.25877549179321946, 0.10942216586344632], "label_mean": [1.8581395640605988e-05, 0.0005007925409162572], "label_std": [0.10832288694924083, 0.06509913058328964], "add_control_limits": false, "add_liveness_filter": false, "separate_penalty_for_opp": true, "x_is_d_goal": true, "vx_vy_inputs": false, "ax_ay_output": false, "add_liveness_as_input": false, "n_closest_obs": null}