{"is_barriernet": true, "weights_path": "model_base_single_input_obs_wc_nolim_linp_f_suite_0_1_bn.pth", "nHidden1": 256, "nHidden21": 64, "nHidden22": 64, "nHidden23": 64, "nHidden24": null, "input_mean": [1.2622537613033311, 0.023965055627394188, 0.0045273080764231645, 0.17712410070123905, 0.0, 0.0, 0.004527308076423168, 0.17712410070123905, 0.2622537613033323, -0.0030875759515531986, 0.0, 0.0, 0.2622537613033323, -0.01614020753050057, 0.0, 0.0, 0.2622537613033323, -0.01614020753050056, 0.0, 0.0, 0.2622537613033323, -0.030455997004184793, 0.0, 0.0, 0.2622537613033323, 0.012386108258973114, 0.0, 0.0, 0.2622537613033323, -0.04066652331997427, 0.0, 0.0, 0.2622537613033323, 0.024491371416867844, 0.0, 0.0, 0.2622537613033323, -0.0481402075305006, 0.0, 0.0, 0.2622537613033323, 0.04196505562739422, 0.0, 0.0, 0.2622537613033323, -0.045613891741026875, 0.0, 0.0, 0.2622537613033323, 0.061333476680025804, 0.0, 0.0, 0.5477436810407982], "input_std": [1.0119146385171458, 0.3235195262726459, 0.19315999522106947, 0.10677324702204329, 0.3019232267088954, 0.4658936075535552, 0.19315999522106947, 0.10677324702204329, 1.0119146385171458, 0.11841340315030072, 0.0, 0.0, 1.0119146385171458, 0.19093159129856155, 0.0, 0.0, 1.0119146385171458, 0.26810254678945866, 0.0, 0.0, 1.0119146385171458, 0.33346148881944765, 0.0, 0.0, 1.0119146385171458, 0.3881738514476851, 0.0, 0.0, 1.0119146385171458, 0.453386132864292, 0.0, 0.0, 1.0119146385171458, 0.5069196266438725, 0.0, 0.0, 1.0119146385171458, 0.5680071114290982, 0.0, 0.0, 1.0119146385171458, 0.6182696409452433, 0.0, 0.0, 1.0119146385171458, 0.6794948348777253, 0.0, 0.0, 1.0119146385171458, 0.7290053261429361, 0.0, 0.0, 0.5943047287195657], "label_mean": [3.861316976373485e-05, 0.0007170003487819978], "label_std": [0.11101972162632051, 0.0676507149934351], "add_control_limits": false, "add_liveness_filter": false, "separate_penalty_for_opp": false, "x_is_d_goal": true, "add_liveness_as_input": true, "n_opponents": 12}