{"is_barriernet": true, "weights_path": "model4_l_s_1_bn.pth", "include_goal": false, "nHidden1": 128, "nHidden21": 32, "nHidden22": 32, "input_mean": [1.198346863440732, 0.09681306381842773, 0.2615149902023768, 0.16809446232016223, 1.2712701365405332, -0.11665827323561916, -0.2630341612370423, 0.1678205829746251], "input_std": [1.1499004001092672, 0.31611204605338344, 0.03462326231887824, 0.1280595467927497, 1.1196377562559043, 0.3080887578235694, 0.031145027943289372, 0.13106066651138462], "label_mean": [0.00927684189984715, -0.006053025797408697], "label_std": [0.04015091304449403, 0.051083985376389626]}