{"is_barriernet": true, "weights_path": "modelf_base_single_input_obs_nolim_0_bn.pth", "nHidden1": 256, "nHidden21": 64, "nHidden22": 64, "nHidden23": 64, "nHidden24": null, "input_mean": [0.729481302587844, -0.14416052056252435, -0.13659047540694194, 0.12076009529014749, -0.24965963980311554, -0.033931167828818436, 0.15449085668852483, 0.17752761651845572, 0.2705186974121554, 0.06967072464415706, 0.0, 0.0, 0.2705186974121554, 0.02001086069857903, 0.0, 0.0, 0.2705186974121554, -0.022846282158564005, 0.0, 0.0, 0.2705186974121554, 0.011847595392456363, 0.0, 0.0, 0.2705186974121554, 0.33021494233123183, 0.0, 0.0, 0.2705186974121554, -0.01332247263475465, 0.0, 0.0, 0.2705186974121554, 0.41524895593667394, 0.0, 0.0, 0.2705186974121554, -0.04937689440346197, 0.0, 0.0, 0.2705186974121554, 0.4519836498142249, 0.0, 0.0, 0.2705186974121554, -0.22896873113815583, 0.0, 0.0, 0.2705186974121554, 0.33089521444007525, 0.0, 0.0], "input_std": [1.0089999131951293, 0.22927075029930866, 0.07948173472959587, 0.11578494944254969, 0.16814238997516362, 0.4642239450962146, 0.07122789619107224, 0.09189003123854152, 1.0089999131951293, 0.503195136913313, 0.0, 0.0, 1.0089999131951293, 0.5689382080096862, 0.0, 0.0, 1.0089999131951293, 0.6078590504124656, 0.0, 0.0, 1.0089999131951293, 0.6842035568942674, 0.0, 0.0, 1.0089999131951293, 0.4925135561600674, 0.0, 0.0, 1.0089999131951293, 0.783605737117735, 0.0, 0.0, 1.0089999131951293, 0.6098821806730745, 0.0, 0.0, 1.0089999131951293, 0.875761075100812, 0.0, 0.0, 1.0089999131951293, 0.670479470701875, 0.0, 0.0, 1.0089999131951293, 0.7578355135469819, 0.0, 0.0, 1.0089999131951293, 0.5754138089758039, 0.0, 0.0], "label_mean": [-0.002794650053411156, -0.010240331538972143], "label_std": [0.09633990781242499, 0.04326734984794537], "add_control_limits": false, "add_liveness_filter": false, "separate_penalty_for_opp": false, "x_is_d_goal": true, "add_liveness_as_input": false, "n_opponents": 12}