{"is_barriernet": true, "weights_path": "model_liveness_1_bn.pth", "nHidden1": 128, "nHidden21": 32, "nHidden22": 32, "input_mean": [0.658422447095673, 0.006553897276062957, 0.24716437488484608, 0.12895669452540537, 0.9651656904485997, -0.05727284210648331, -0.33342344908628446, 0.14323076188137707], "input_std": [0.9553394957900616, 0.3561235734702476, 0.16757087914515256, 0.09020352086103481, 0.9992521726970609, 0.3584820928150017, 0.14082314434195853, 0.10979098034957258], "label_mean": [-0.0021289394122914963, 0.006358987784993128], "label_std": [0.02918765824592677, 0.06812283617161176]}