{"is_barriernet": true, "weights_path": "model_base_single_input_obs_nolim_1_bn.pth", "nHidden1": 256, "nHidden21": 64, "nHidden22": 64, "nHidden23": 64, "nHidden24": null, "input_mean": [0.9791409423909605, 0.1897706472662942, 0.15449085668852483, 0.17752761651845572, 0.24965963980311554, 0.033931167828818436, -0.13659047540694194, 0.12076009529014749, 0.02085905760903984, -0.15405636155200814, 0.0, 0.0, 0.02085905760903984, -0.1152808513479268, 0.0, 0.0, 0.02085905760903984, -0.10167540917105615, 0.0, 0.0, 0.02085905760903984, -0.3744645248173145, 0.0, 0.0, 0.02085905760903984, -0.13909037515745057, 0.0, 0.0, 0.02085905760903984, -0.4309271098513277, 0.0, 0.0, 0.02085905760903984, -0.17378425270847095, 0.0, 0.0, 0.02085905760903984, -0.4697026200554098, 0.0, 0.0, 0.02085905760903984, -0.14249173570166793, 0.0, 0.0, 0.02085905760903984, -0.31051894658602225, 0.0, 0.0, 0.02085905760903984, 0.10512731191737935, 0.0, 0.0], "input_std": [1.0153218053992201, 0.23683929251117747, 0.07122789619107224, 0.09189003123854152, 0.16814238997516362, 0.4642239450962146, 0.07948173472959587, 0.11578494944254969, 1.01532180539922, 0.5273086683395827, 0.0, 0.0, 1.01532180539922, 0.5982860113623378, 0.0, 0.0, 1.01532180539922, 0.6173270559328895, 0.0, 0.0, 1.01532180539922, 0.5569632426993467, 0.0, 0.0, 1.01532180539922, 0.6673285287672505, 0.0, 0.0, 1.01532180539922, 0.6460896868943139, 0.0, 0.0, 1.01532180539922, 0.8312021538680445, 0.0, 0.0, 1.01532180539922, 0.7307755539217634, 0.0, 0.0, 1.01532180539922, 0.9148251718676363, 0.0, 0.0, 1.01532180539922, 0.6318066557027978, 0.0, 0.0, 1.01532180539922, 0.7314473410113216, 0.0, 0.0], "label_mean": [-0.0021813896773048495, -0.030080796045767657], "label_std": [0.09011389467009594, 0.07211391298010922], "add_control_limits": false, "add_liveness_filter": false, "separate_penalty_for_opp": false, "x_is_d_goal": true, "add_liveness_as_input": false, "n_opponents": 12}