{"is_barriernet": true, "weights_path": "model_30_multi_vxvy_axay_blim_nodt_0_1_bn.pth", "nInputs": 8, "nHidden1": 256, "nHidden21": 64, "nHidden22": 64, "nHidden23": 64, "nHidden24": null, "input_mean": [1.2300217877187547, 3.734492695028728e-05, 0.1703714715319125, -3.053303281180725e-06, 0.0, 0.0, 0.1703714715319125, -3.0533032811806497e-06], "input_std": [1.0149364720582434, 0.3933618976770553, 0.1062841117793602, 0.05104431149017532, 0.2856565037408195, 0.5058696741373866, 0.1062841117793602, 0.05104431149017531], "label_mean": [-0.0006409878769425973, 2.072379459117785e-05], "label_std": [0.06358246044744592, 0.030674587937711034], "add_control_limits": true, "add_liveness_filter": false, "separate_penalty_for_opp": true, "x_is_d_goal": true, "vx_vy_inputs": true, "ax_ay_output": true, "add_liveness_as_input": false}