{"is_barriernet": true, "weights_path": "model_30_norm_intersuite2_lfnew_so_ego_0_1_bn.pth", "nHidden1": 256, "nHidden21": 128, "nHidden22": 64, "nHidden23": 64, "nHidden24": 64, "input_mean": [0.9235722381335445, 8.953699890440283e-05, 0.0, 0.15546294935976868, -0.08512144592311484, -0.001231562052422711, 0.0, 0.15546294935976868, -0.0031313027089422485, -0.04795892523667305, -0.0030967008512460207, -0.009089400241211902, -0.007454380378537674, 0.0209131499091601, -0.008375401929793967, 0.05404356376063304, -0.01278447829450757, -0.04430580603429393, -0.012810151061789945, 0.044911556324167656, -0.02243580975369361, -0.04365365402409305, -0.026464575051129802, 0.06891128952880055, -0.02330887152193645, -0.0436960300153208, -0.027379625284397097, 0.09373888415590202, -0.03530612170572768, -0.032559533299447246], "input_std": [0.7538729223741999, 0.000358864200746118, 0.0, 0.10255169607909748, 0.7567597174529523, 0.7615636331498647, 1.5707887868963688, 0.10255169607909748, 0.0950436831709181, 0.2960999986847742, 0.09503833253929099, 0.29986254629497955, 0.13635029314271124, 0.29926783291182113, 0.1362853383820343, 0.2951306328053275, 0.20295849012074524, 0.2966733380733147, 0.20296091357684135, 0.2966485353999342, 0.25580319106429433, 0.3077983779035775, 0.2555980649023103, 0.3030680251898339, 0.3280717254163858, 0.3046482552785775, 0.3276109192071849, 0.2933812079383908, 0.39228444505992505, 0.31483907003064504], "label_mean": [1.4985748355418881e-05, 0.0010162515933256058], "label_std": [0.0007481524294405374, 0.06260348447412732], "add_control_limits": false, "add_liveness_filter": true, "separate_penalty_for_opp": false, "x_is_d_goal": true, "add_liveness_as_input": false, "n_opponents": 12, "fixed_liveness_input": true, "static_obs_xy_only": true, "ego_frame_inputs": true}