{"is_barriernet": true, "weights_path": "model_25_smgbin_l_suite_w_lims_opp_pen_dgoal_fixo_obs_l_saf_1_bn.pth", "nHidden1": 256, "nHidden21": 64, "nHidden22": 64, "nHidden23": 64, "nHidden24": 64, "input_mean": [1.230245013526929, 0.2994270523602658, 0.22985205663271513, 0.17593749774071524, 0.0004464516163513679, 0.11176018409739932, -0.2296685918056156, 0.17594351675855185], "input_std": [1.0147273328557012, 0.25506530493151297, 0.1193978479403351, 0.10934996022305488, 0.2856561548617199, 0.4933698292988549, 0.11871836859673345, 0.10949432380537859], "label_mean": [0.01657290723280277, 0.0005083164238859287], "label_std": [0.107246632353233, 0.06519118791252936], "add_control_limits": true, "add_liveness_filter": true, "separate_penalty_for_opp": true, "x_is_d_goal": true}