{"is_barriernet": true, "weights_path": "model_base_single_input_obs_wc_nolim_linp_f_suite_1_bn.pth", "nHidden1": 256, "nHidden21": 64, "nHidden22": 64, "nHidden23": 64, "nHidden24": null, "input_mean": [1.3843844352542485, 0.265344601914695, 0.17580032855815142, 0.17658408681082086, 0.2442613479018305, 0.1827590925746022, -0.1667457124053051, 0.17766411459165618, 0.38438443525424776, 0.04008144401995838, 0.0, 0.0, 0.38438443525424776, 0.020502496651537368, 0.0, 0.0, 0.38438443525424776, 0.02766039138837946, 0.0, 0.0, 0.38438443525424776, -0.13886592440109422, 0.0, 0.0, 0.38438443525424776, -0.03865539808530475, 0.0, 0.0, 0.38438443525424776, -0.17233960861162045, 0.0, 0.0, 0.38438443525424776, 0.004923549283116366, 0.0, 0.0, 0.38438443525424776, -0.18476066124319926, 0.0, 0.0, 0.38438443525424776, 0.10429197033574795, 0.0, 0.0, 0.38438443525424776, -0.10097118755898894, 0.0, 0.0, 0.38438443525424776, 0.2558709177041691, 0.0, 0.0, 0.5477436810407985], "input_std": [0.9991344126744843, 0.21509207135835154, 0.09484350601117178, 0.09673425080286234, 0.1774655705974876, 0.4285510093799497, 0.08341092125883118, 0.11594375382428214, 0.9991344126744843, 0.1110233757204188, 0.0, 0.0, 0.9991344126744843, 0.18747223648479755, 0.0, 0.0, 0.9991344126744843, 0.2622661766826867, 0.0, 0.0, 0.9991344126744843, 0.2969458391837587, 0.0, 0.0, 0.9991344126744843, 0.38346369384393214, 0.0, 0.0, 0.9991344126744843, 0.41687300323961735, 0.0, 0.0, 0.9991344126744843, 0.5070585535255958, 0.0, 0.0, 0.9991344126744843, 0.5369813020199523, 0.0, 0.0, 0.9991344126744843, 0.611892792659212, 0.0, 0.0, 0.9991344126744843, 0.6724973409995308, 0.0, 0.0, 0.9991344126744843, 0.687758973852928, 0.0, 0.0, 0.5943047287195661], "label_mean": [0.007698221753120351, 0.0011994187745668033], "label_std": [0.11247746958168038, 0.07692679064481872], "add_control_limits": false, "add_liveness_filter": false, "separate_penalty_for_opp": false, "x_is_d_goal": true, "add_liveness_as_input": true, "n_opponents": 12}