{"is_barriernet": true, "weights_path": "model_newb_obs_l_saf_1_bn.pth", "include_goal": false, "nHidden1": 256, "nHidden21": 64, "nHidden22": 64, "input_mean": [1.0846631676798728, -0.028481702813766954, 0.15034836432824325, 0.15016687864278397, 1.1372887330545605, 0.02156471724360813, -0.1429523912710701, 0.1199724660999491], "input_std": [1.0293520895067105, 0.2381824496504941, 0.09934779321265397, 0.10984420221670978, 1.06183621081111, 0.24267445576313998, 0.10285118611574234, 0.11155247014229483], "label_mean": [-0.00028514908708758254, -0.01603432657037283], "label_std": [0.12221358458543344, 0.06549831868368682]}