{"is_barriernet": true, "weights_path": "model_base_single_input_obs_wc_nolim_1_bn.pth", "nHidden1": 256, "nHidden21": 64, "nHidden22": 64, "nHidden23": 64, "nHidden24": null, "input_mean": [0.9791409423909605, 0.1897706472662942, 0.15449085668852483, 0.17752761651845572, 0.24965963980311554, 0.033931167828818436, -0.13659047540694194, 0.12076009529014749, -0.02085905760903984, 0.07548493298057987, 0.0, 0.0, -0.02085905760903984, 0.11426044318466148, 0.0, 0.0, -0.02085905760903984, 0.12786588536153215, 0.0, 0.0, -0.02085905760903984, -0.1449232302847262, 0.0, 0.0, -0.02085905760903984, 0.09045091937513768, 0.0, 0.0, -0.02085905760903984, -0.20138581531873986, 0.0, 0.0, -0.02085905760903984, 0.05575704182411729, 0.0, 0.0, -0.02085905760903984, -0.24016132552282146, 0.0, 0.0, -0.02085905760903984, 0.08704955883091994, 0.0, 0.0, -0.02085905760903984, -0.0809776520534337, 0.0, 0.0, -0.02085905760903984, 0.33466860644996743, 0.0, 0.0], "input_std": [1.0153218053992201, 0.23683929251117747, 0.07122789619107224, 0.09189003123854152, 0.16814238997516362, 0.4642239450962146, 0.07948173472959587, 0.11578494944254969, 1.01532180539922, 0.08795857789435353, 0.0, 0.0, 1.01532180539922, 0.16197940691906718, 0.0, 0.0, 1.01532180539922, 0.2502244619217684, 0.0, 0.0, 1.01532180539922, 0.3094524085342439, 0.0, 0.0, 1.01532180539922, 0.37803681285841784, 0.0, 0.0, 1.01532180539922, 0.40242308570792523, 0.0, 0.0, 1.01532180539922, 0.4967191678302521, 0.0, 0.0, 1.01532180539922, 0.5119328378497701, 0.0, 0.0, 1.01532180539922, 0.6082431049984978, 0.0, 0.0, 1.01532180539922, 0.6816363107346859, 0.0, 0.0, 1.01532180539922, 0.6567877338388307, 0.0, 0.0], "label_mean": [-0.0021813896773048495, -0.030080796045767657], "label_std": [0.09011389467009594, 0.07211391298010922], "add_control_limits": false, "add_liveness_filter": false, "separate_penalty_for_opp": false, "x_is_d_goal": true, "add_liveness_as_input": false, "n_opponents": 12}