{"is_barriernet": true, "weights_path": "model_base_single_input_obs_wc_nolim_linp_f_fullsuite_live_1_bn.pth", "nHidden1": 256, "nHidden21": 64, "nHidden22": 64, "nHidden23": 64, "nHidden24": 64, "input_mean": [1.230245013526929, 0.2994270523602658, 0.22985205663271513, 0.17593749774071524, 0.0004464516163513679, 0.11176018409739932, -0.2296685918056156, 0.17594351675855185, 0.23024501352693055, 0.029042436975650118, 0.0, 0.0, 0.23024501352693055, 0.012503975437188593, 0.0, 0.0, 0.23024501352693055, 0.04817705236026552, 0.0, 0.0, 0.23024501352693055, -0.05047679379358072, 0.0, 0.0, 0.23024501352693055, 0.0019270523602655239, 0.0, 0.0, 0.23024501352693055, -0.08836140917819606, 0.0, 0.0, 0.23024501352693055, -0.010909486101272983, 0.0, 0.0, 0.23024501352693055, -0.12225563994742657, 0.0, 0.0, 0.23024501352693055, 0.05923474466795783, 0.0, 0.0, 0.23024501352693055, -0.05201525533204218, 0.0, 0.0, 0.23024501352693055, 0.17524436005257304, 0.0, 0.0, 2.221124462853477], "input_std": [1.0147273328557012, 0.25506530493151297, 0.1193978479403351, 0.10934996022305488, 0.2856561548617199, 0.4933698292988549, 0.11871836859673345, 0.10949432380537859, 1.0147273328557014, 0.10956043224120976, 0.0, 0.0, 1.0147273328557014, 0.17769351636381786, 0.0, 0.0, 1.0147273328557014, 0.24682831722110934, 0.0, 0.0, 1.0147273328557014, 0.31463625971321807, 0.0, 0.0, 1.0147273328557014, 0.38236146419287603, 0.0, 0.0, 1.0147273328557014, 0.439725022712635, 0.0, 0.0, 1.0147273328557014, 0.5073847454188244, 0.0, 0.0, 1.0147273328557014, 0.553076680167937, 0.0, 0.0, 1.0147273328557014, 0.6186157876006289, 0.0, 0.0, 1.0147273328557014, 0.67728848386525, 0.0, 0.0, 1.0147273328557014, 0.7140558639215409, 0.0, 0.0, 1.0265520044895373], "label_mean": [0.01657290723280277, 0.0005083164238859287], "label_std": [0.107246632353233, 0.06519118791252936], "add_control_limits": false, "add_liveness_filter": true, "separate_penalty_for_opp": false, "x_is_d_goal": true, "add_liveness_as_input": true, "n_opponents": 12, "fixed_liveness_input": true}