{"is_barriernet": true, "weights_path": "model_base_w_lims_obs_l_s_1_bn.pth", "include_goal": false, "nHidden1": 256, "nHidden21": 64, "nHidden22": 64, "nHidden23": 32, "input_mean": [1.1058335607255283, -0.02113136815503236, 0.15410681686631097, 0.15669235516689298, 1.3575099475208134, -0.027940069948770446, -0.12132806156766283, 0.10644074004426857], "input_std": [0.9923402739262331, 0.2303775420174138, 0.1008501616953827, 0.09483290335159006, 0.9756082512783459, 0.22279994441892553, 0.08493066069796142, 0.11565190965544522], "label_mean": [-0.002650992327910705, -0.026595866946927716], "label_std": [0.13270703539152293, 0.0735791690585588]}