{"is_barriernet": true, "weights_path": "model_25_smgbin_l_suite_w_lims_opp_pen_dgoal_fixo_obs_l_f_1_bn.pth", "nHidden1": 256, "nHidden21": 64, "nHidden22": 64, "nHidden23": 64, "nHidden24": 64, "input_mean": [1.116340951343469, 0.27291366605511264, 0.23113427753385288, 0.1762691389606246, -0.2270972995644075, 0.11176690348526373, -0.2282184255629752, 0.17561633593350762], "input_std": [1.0069326571298145, 0.25298547050542775, 0.11976466489388578, 0.11675363077651901, 0.17259463201527453, 0.49350075279307193, 0.11762223626462508, 0.10164121568536416], "label_mean": [0.01642741842923248, 0.00017364970222897959], "label_std": [0.104626142268337, 0.05614686932301583], "add_control_limits": true, "add_liveness_filter": true, "separate_penalty_for_opp": true, "x_is_d_goal": true}