{"is_barriernet": true, "weights_path": "model_25_smgbin_l_suite_w_lims_opp_pen_dgoal_fixo_obs_l_s_ori_1_bn.pth", "nHidden1": 256, "nHidden21": 64, "nHidden22": 64, "nHidden23": 64, "nHidden24": 64, "input_mean": [1.4024688294948984, 0.29341342826492994, 0.18020191340225636, 0.1709571625468705, 0.24512094195420697, 0.23397444002781312, -0.17465223845157038, 0.17116058531847292], "input_std": [1.0954746658107457, 0.2521878979916593, 0.0800624364369527, 0.102909491295489, 0.18254088867355328, 0.49836295648911744, 0.08107595461652058, 0.1219467597257661], "label_mean": [0.00655945823491936, 0.00021815705419327798], "label_std": [0.1139876509110634, 0.07613516362148604], "add_control_limits": true, "add_liveness_filter": true, "separate_penalty_for_opp": true, "x_is_d_goal": true}