{"is_barriernet": true, "weights_path": "model4_l_saf_0_bn.pth", "include_goal": false, "nHidden1": 128, "nHidden21": 32, "nHidden22": 32, "input_mean": [1.2348084999917301, -0.10673566849430219, -0.2622745756447188, 0.16795752264807828, 1.234808499986703, 0.10673566857165102, 0.26227457580736896, 0.1679575226466553], "input_std": [1.1354555335379226, 0.31228386489375953, 0.0329388598968411, 0.12956886843699192, 1.1354555335414132, 0.3122838648503525, 0.03293886013876403, 0.1295688684371306], "label_mean": [-0.008546625801131373, -0.006397853417778272], "label_std": [0.038498680572665284, 0.04822660986832848]}