{"is_barriernet": true, "weights_path": "model_base_w_lims_opp_pen_dgoal_obs_l_saf_1_bn.pth", "nHidden1": 256, "nHidden21": 64, "nHidden22": 64, "nHidden23": 64, "nHidden24": null, "input_mean": [0.9153368323201265, 0.17848170281376685, 0.15034836432824325, 0.15016687864278402, 0.05262556537468781, 0.050046420057374974, -0.14295239127107018, 0.11997246609994916], "input_std": [1.0293520895067105, 0.2381824496504941, 0.09934779321265397, 0.10984420221670979, 0.3206917642071138, 0.4750495282964709, 0.10285118611574234, 0.11155247014229484], "label_mean": [-0.00028514908708758254, -0.016034326570372837], "label_std": [0.12221358458543347, 0.06549831868368683], "add_control_limits": true, "add_liveness_filter": false, "separate_penalty_for_opp": true, "x_is_d_goal": true}