{"is_barriernet": true, "weights_path": "modelf_base_single_all_obs_nolim_0_bn.pth", "nInputs": 8, "nHidden1": 256, "nHidden21": 64, "nHidden22": 64, "nHidden23": 64, "nHidden24": null, "input_mean": [0.729481302587844, -0.14416052056252435, -0.13659047540694194, 0.12076009529014749, -0.24965963980311554, -0.033931167828818436, 0.15449085668852483, 0.17752761651845572], "input_std": [1.0089999131951293, 0.22927075029930866, 0.07948173472959587, 0.11578494944254969, 0.16814238997516362, 0.4642239450962146, 0.07122789619107224, 0.09189003123854152], "label_mean": [-0.002794650053411156, -0.010240331538972143], "label_std": [0.09633990781242499, 0.04326734984794537], "add_control_limits": false, "add_liveness_filter": false, "separate_penalty_for_opp": true, "x_is_d_goal": true, "vx_vy_inputs": false, "ax_ay_output": false, "add_liveness_as_input": false, "n_closest_obs": null}