{"is_barriernet": true, "weights_path": "model_25_smgbin_l_suite_w_lims_opp_pen_dgoal_fixo_obs_l_s_ori_sg_1_bn.pth", "nHidden1": 256, "nHidden21": 64, "nHidden22": 64, "nHidden23": 64, "nHidden24": 64, "input_mean": [1.3843844352542485, 0.265344601914695, 0.17580032855815142, 0.17658408681082086, 0.2442613479018305, 0.1827590925746022, -0.1667457124053051, 0.17766411459165618], "input_std": [0.9991344126744843, 0.21509207135835154, 0.09484350601117178, 0.09673425080286234, 0.1774655705974876, 0.4285510093799497, 0.08341092125883118, 0.11594375382428214], "label_mean": [0.007698221753120351, 0.0011994187745668033], "label_std": [0.11247746958168038, 0.07692679064481872], "add_control_limits": true, "add_liveness_filter": true, "separate_penalty_for_opp": true, "x_is_d_goal": true}