{"is_barriernet": true, "weights_path": "model3_25_smgbin_l_w_lims_opp_pen_dgoal_fixo_obs_l_s_OG_1_bn.pth", "nHidden1": 256, "nHidden21": 64, "nHidden22": 64, "nHidden23": 64, "nHidden24": 64, "input_mean": [3.0, 0.64999999999, 0.015088275525244353, 0.010000000000000002, 0.0, 1.0, -0.015088275785934468, 0.010000000000000002], "input_std": [0.0, 1.000000082740371e-11, 0.015088275525244353, 0.010000000000000002, 0.0, 0.0, 0.015088275785934468, 0.010000000000000002], "label_mean": [0.11242760795869483, 0.043333349972967], "label_std": [0.038455147293748694, 0.05666665002703301], "add_control_limits": true, "add_liveness_filter": true, "separate_penalty_for_opp": true, "x_is_d_goal": true}