{"is_barriernet": true, "weights_path": "model_30_norm_intersuite3_lfnew_nso_0_1_bn.pth", "nHidden1": 256, "nHidden21": 128, "nHidden22": 64, "nHidden23": 64, "nHidden24": 64, "input_mean": [0.3990871393813943, 0.40029565189137195, 0.785441688982055, 0.13527733060700065, 0.0, 0.0, 0.785441688982055, 0.13527733060700065, 0.0773578160731242, -0.0048923180334395425, 0.0, 0.0, -0.04358203355093583, -0.010944949612386894, 0.0, 0.0, 0.015590898779891123, -0.006922393221409439, 0.0, 0.0, -0.09602564257349215, -0.010193069913138775, 0.0, 0.0, 0.05747059802801157, -0.020193069913138722, 0.0, 0.0, -0.09587526663364238, -0.01680961126652221, 0.0, 0.0, 0.04615480855432716, -0.031696829311634915, 0.0, 0.0, -0.12519857490431927, -0.025756979687574916, 0.0, 0.0, 0.04149315441898885, -0.03541863382291314, 0.0, 0.0, -0.14704068016747762, -0.026320889462011065, 0.0, 0.0, 0.016944282238537733, -0.050794573672537334, 0.0, 0.0], "input_std": [0.674151776354831, 0.6745225089381618, 0.7853871709092364, 0.10819214836105148, 0.7998621327538202, 0.7987681490635989, 0.7853871709092364, 0.10819214836105148, 0.20926013667704477, 0.22303496820718444, 0.0, 0.0, 0.21882179798464485, 0.22285334768740997, 0.0, 0.0, 0.23494857257109203, 0.23531590576726108, 0.0, 0.0, 0.21501266186681742, 0.23522538732640827, 0.0, 0.0, 0.2534496294812264, 0.259032056808198, 0.0, 0.0, 0.2415815894541907, 0.25931970140931987, 0.0, 0.0, 0.28756705014338774, 0.28914706305980253, 0.0, 0.0, 0.26284415162220703, 0.28991854063524014, 0.0, 0.0, 0.3233818362907379, 0.3241132425665426, 0.0, 0.0, 0.29115272339649806, 0.3248973202366572, 0.0, 0.0, 0.36697993985671185, 0.3634996824803051, 0.0, 0.0], "label_mean": [1.3088092099280568e-05, 0.00010699636035374732], "label_std": [0.0006957032796701063, 0.058302890496079035], "add_control_limits": false, "add_liveness_filter": true, "separate_penalty_for_opp": false, "x_is_d_goal": true, "add_liveness_as_input": false, "n_opponents": 12, "fixed_liveness_input": true, "static_obs_xy_only": false}