{"is_barriernet": true, "weights_path": "model_base_single_input_obs_wc_nolim_saf_suite_0_bn.pth", "nHidden1": 256, "nHidden21": 64, "nHidden22": 64, "nHidden23": 64, "nHidden24": null, "input_mean": [1.2297985619105782, -0.29935236250636515, -0.2296685918056156, 0.17594351675855185, -0.0004464516163513679, -0.11176018409739932, 0.22985205663271513, 0.17593749774071524, 0.2297985619105792, -0.027813900967903364, 0.0, 0.0, 0.2297985619105792, -0.014160054814057261, 0.0, 0.0, 0.2297985619105792, -0.04507351635251887, 0.0, 0.0, 0.2297985619105792, 0.04694571441671191, 0.0, 0.0, 0.2297985619105792, 0.0017053298013273291, 0.0, 0.0, 0.2297985619105792, 0.08458994518594275, 0.0, 0.0, 0.2297985619105792, 0.0161284067244043, 0.0, 0.0, 0.2297985619105792, 0.11689763749363519, 0.0, 0.0, 0.2297985619105792, -0.04867928558328803, 0.0, 0.0, 0.2297985619105792, 0.04132071441671193, 0.0, 0.0, 0.2297985619105792, -0.16810236250636493, 0.0, 0.0], "input_std": [1.0151455190878287, 0.2552262946374654, 0.11871836859673345, 0.10949432380537859, 0.2856561548617199, 0.4933698292988549, 0.1193978479403351, 0.10934996022305488, 1.0151455190878287, 0.10969172618955504, 0.0, 0.0, 1.0151455190878287, 0.17745229205832122, 0.0, 0.0, 1.0151455190878287, 0.2473051247934689, 0.0, 0.0, 1.0151455190878287, 0.3151201162933208, 0.0, 0.0, 1.0151455190878287, 0.3822852509440013, 0.0, 0.0, 1.0151455190878287, 0.440451646484013, 0.0, 0.0, 1.0151455190878287, 0.5072223312664468, 0.0, 0.0, 1.0151455190878287, 0.5542599549425246, 0.0, 0.0, 1.0151455190878287, 0.619512156176048, 0.0, 0.0, 1.0151455190878287, 0.6780483795380584, 0.0, 0.0, 1.0151455190878287, 0.7157453905751872, 0.0, 0.0], "label_mean": [-0.01653574444152162, 0.0004932686579465983], "label_std": [0.10685393822915767, 0.06500694201957342], "add_control_limits": false, "add_liveness_filter": false, "separate_penalty_for_opp": false, "x_is_d_goal": true, "add_liveness_as_input": false, "n_opponents": 12}