{"is_barriernet": true, "weights_path": "model4_l_saf_1_bn.pth", "include_goal": false, "nHidden1": 128, "nHidden21": 32, "nHidden22": 32, "input_mean": [1.234808499986703, 0.10673566857165102, 0.26227457580736896, 0.1679575226466553, 1.2348084999917301, -0.10673566849430219, -0.2622745756447188, 0.16795752264807828], "input_std": [1.1354555335414132, 0.3122838648503525, 0.03293886013876403, 0.1295688684371306, 1.1354555335379226, 0.31228386489375953, 0.0329388598968411, 0.12956886843699192], "label_mean": [0.00854662584157487, -0.006397853417793597], "label_std": [0.03849868024605871, 0.048226609868273214]}