{"is_barriernet": true, "weights_path": "model4_l_s_1_bn.pth", "include_goal": false, "nHidden1": 128, "nHidden21": 32, "nHidden22": 32, "input_mean": [1.169566708130751, 0.07504711651951278, 0.28088232396542057, 0.1685558584601923, 1.2872620261159191, -0.12086736774484365, -0.2625453755401709, 0.1726537373233477], "input_std": [1.1522360747189664, 0.32015564342111746, 0.14671782648133785, 0.1248703169087082, 1.1688795373455074, 0.3217229876776635, 0.03240134545235311, 0.12752704706619195], "label_mean": [0.01186418308479735, -0.005833447011042594], "label_std": [0.07307856660266195, 0.05716092759094985]}