{"is_barriernet": true, "weights_path": "model2_l_saf_0_bn.pth", "include_goal": false, "nHidden1": 128, "nHidden21": 32, "nHidden22": 32, "input_mean": [0.8979460404200279, -0.005505561203547471, -0.2942731255162562, 0.1418283406505208, 0.897946104724373, 0.005505444587083566, 0.2942729689101323, 0.14182834222606192], "input_std": [1.037081073706254, 0.3570148985641261, 0.16663647390009795, 0.1091655159708912, 1.0370811299453961, 0.3570147894909276, 0.16663644171035635, 0.10916551787945022], "label_mean": [4.595861963407242e-05, -0.014333898839975906], "label_std": [0.06650161489240282, 0.12444190984724729]}