{"is_barriernet": true, "weights_path": "model_base_single_input_obs_wc_nolim_saf_0_bn.pth", "nHidden1": 256, "nHidden21": 64, "nHidden22": 64, "nHidden23": 64, "nHidden24": null, "input_mean": [0.9848969888827509, -0.20094176222376023, -0.15315148582889082, 0.13982837989262908, -0.062245392024447364, -0.10991386914579383, 0.1616885270412514, 0.1751162370905203, -0.015103011117248561, -0.05874766939675608, 0.0, 0.0, -0.015103011117248561, -0.0903932390170092, 0.0, 0.0, -0.015103011117248561, -0.1233046314220725, 0.0, 0.0, -0.015103011117248561, -0.04608944154865481, 0.0, 0.0, -0.015103011117248561, 0.12690633904206253, 0.0, 0.0, -0.015103011117248561, -0.04229197319422434, 0.0, 0.0, -0.015103011117248561, 0.21382617026569117, 0.0, 0.0, -0.015103011117248561, -0.05326243732924558, 0.0, 0.0, -0.015103011117248561, 0.23196963018130307, 0.0, 0.0, -0.015103011117248561, -0.27815695209717795, 0.0, 0.0, -0.015103011117248561, 0.018045579548391647, 0.0, 0.0], "input_std": [1.0926935414184993, 0.249068516960428, 0.08267333275414702, 0.11376940832076654, 0.29570025212604345, 0.4875168553038468, 0.07626193739582601, 0.10425446110459222, 1.0926935414184993, 0.08739272896888196, 0.0, 0.0, 1.0926935414184993, 0.16054965798526888, 0.0, 0.0, 1.0926935414184993, 0.23648622259575852, 0.0, 0.0, 1.0926935414184993, 0.3385172148719391, 0.0, 0.0, 1.0926935414184993, 0.3590606349808519, 0.0, 0.0, 1.0926935414184993, 0.4490260091407232, 0.0, 0.0, 1.0926935414184993, 0.44480949727451086, 0.0, 0.0, 1.0926935414184993, 0.5654712171600771, 0.0, 0.0, 1.0926935414184993, 0.5639368559834746, 0.0, 0.0, 1.0926935414184993, 0.6325587116355008, 0.0, 0.0, 1.0926935414184993, 0.7347772491480448, 0.0, 0.0], "label_mean": [-0.004240312405772321, -0.006269435556351612], "label_std": [0.10538714330533984, 0.058160342435224374], "add_control_limits": false, "add_liveness_filter": false, "separate_penalty_for_opp": false, "x_is_d_goal": true, "add_liveness_as_input": false, "n_opponents": 12}