{"is_barriernet": true, "weights_path": "model_base_single_input_obs_wc_nolim_saf_1_bn.pth", "nHidden1": 256, "nHidden21": 64, "nHidden22": 64, "nHidden23": 64, "nHidden24": null, "input_mean": [1.0471423809071985, 0.2089721069220334, 0.1616885270412514, 0.1751162370905203, 0.062245392024447364, 0.10991386914579383, -0.15315148582889082, 0.13982837989262908, 0.04714238090719905, 0.06719995502329941, 0.0, 0.0, 0.04714238090719905, 0.09800164278701246, 0.0, 0.0, 0.04714238090719905, 0.11192569341992387, 0.0, 0.0, 0.04714238090719905, -0.09862282978682715, 0.0, 0.0, 0.04714238090719905, 0.030913035192075777, 0.0, 0.0, 0.04714238090719905, -0.14250468632691152, 0.0, 0.0, 0.04714238090719905, -0.023095403626489635, 0.0, 0.0, 0.04714238090719905, -0.16444561459695378, 0.0, 0.0, 0.04714238090719905, -0.009593293921848205, 0.0, 0.0, 0.04714238090719905, 0.028803330550725644, 0.0, 0.0, 0.04714238090719905, 0.24694679046633722, 0.0, 0.0], "input_std": [1.0479434496311095, 0.2429219120131894, 0.07626193739582601, 0.10425446110459222, 0.29570025212604345, 0.4875168553038468, 0.08267333275414702, 0.11376940832076654, 1.0479434496311095, 0.0918697239293581, 0.0, 0.0, 1.0479434496311095, 0.16678635101154327, 0.0, 0.0, 1.0479434496311095, 0.25067023100475705, 0.0, 0.0, 1.0479434496311095, 0.3234802547518146, 0.0, 0.0, 1.0479434496311095, 0.3830015855499487, 0.0, 0.0, 1.0479434496311095, 0.4244198217735276, 0.0, 0.0, 1.0479434496311095, 0.49626089026531606, 0.0, 0.0, 1.0479434496311095, 0.5403368599641643, 0.0, 0.0, 1.0479434496311095, 0.6128573002411419, 0.0, 0.0, 1.0479434496311095, 0.6873702983057374, 0.0, 0.0, 1.0479434496311095, 0.6955059284239736, 0.0, 0.0], "label_mean": [0.0011287973738550617, -0.018652354927339795], "label_std": [0.1031270659085584, 0.06731756380430999], "add_control_limits": false, "add_liveness_filter": false, "separate_penalty_for_opp": false, "x_is_d_goal": true, "add_liveness_as_input": false, "n_opponents": 12}