{"is_barriernet": true, "weights_path": "model_25_smgbin_l_suite_w_lims_opp_pen_dgoal_fixo_obs_l_s_1_bn.pth", "nHidden1": 256, "nHidden21": 64, "nHidden22": 64, "nHidden23": 64, "nHidden24": 64, "input_mean": [1.3441490757103929, 0.32594043866541933, 0.2285698357315766, 0.1756058565208031, 0.22799020279710985, 0.11175346470953584, -0.23111875804825588, 0.17627069758359326], "input_std": [1.0096937522489655, 0.2543797396925046, 0.11901608734764975, 0.1014061010505301, 0.17279367238836027, 0.4932388709612548, 0.11978691771802903, 0.11681978886563396], "label_mean": [0.01671839603637302, 0.000842983145542869], "label_std": [0.10980440939361603, 0.07312377878972427], "add_control_limits": true, "add_liveness_filter": true, "separate_penalty_for_opp": true, "x_is_d_goal": true}