{"is_barriernet": true, "weights_path": "model_25_smgbin_w_lims_opp_pen_dgoal_fixo_obs_l_all_more_1_bn.pth", "nHidden1": 256, "nHidden21": 64, "nHidden22": 64, "nHidden23": 64, "nHidden24": null, "input_mean": [0.9914187038571456, 0.19634425853230114, 0.14942239867549373, 0.15244473901642092, -0.002135666342253784, 0.09437106756137811, -0.13651630828600328, 0.1286444848848023], "input_std": [1.0717509634277613, 0.24810568771382463, 0.09356689013838829, 0.1205076051924367, 0.659068726168932, 0.47920981323360307, 0.10011978838875622, 0.12296260032164806], "label_mean": [0.0019028878028197191, -0.006501069052304909], "label_std": [0.09789119492951717, 0.05774987543727324], "add_control_limits": true, "add_liveness_filter": false, "separate_penalty_for_opp": true, "x_is_d_goal": true}