{"is_barriernet": true, "weights_path": "model_obs_l_f_0_bn.pth", "include_goal": false, "nHidden1": 256, "nHidden21": 64, "nHidden22": 64, "input_mean": [1.172907233247147, 0.009137067605497035, -0.14811503130934878, 0.1466862418229064, 1.0207100957452582, -0.043405892424183794, 0.15673579997170656, 0.1503958339557394], "input_std": [0.9798050465996713, 0.22626364218209682, 0.10150095298661248, 0.1285804883365193, 1.0439769576424034, 0.24146109796566748, 0.10603541065634711, 0.12019252158402942], "label_mean": [0.002528142561754115, -0.007808617301073592], "label_std": [0.10916979594104793, 0.042205051669655526]}