{"is_barriernet": true, "weights_path": "model_unlive_0_bn.pth", "nHidden1": 128, "nHidden21": 32, "nHidden22": 32, "input_mean": [0.4252394387747397, 0.21445397273746353, -0.1797640143886325, 0.09553537338327261, 0.41468322414167397, -0.2158378141239384, 0.1401227779962188, 0.0933792446368365], "input_std": [0.5364624138469731, 0.13507929064998983, 0.11943991068002724, 0.10964858229722449, 0.5288044332006996, 0.13407690341147405, 0.1752167383607045, 0.11224368839611479], "label_mean": [0.00030283525993088524, -0.005367146298256997], "label_std": [0.214121476903172, 0.09850806898092784]}