{"is_barriernet": true, "weights_path": "model_base_w_lims_opp_pen_dgoal_obs_l_s_1_bn.pth", "nHidden1": 256, "nHidden21": 64, "nHidden22": 64, "nHidden23": 64, "input_mean": [0.894166439274471, 0.17113136815503227, 0.15410681686631097, 0.15669235516689298, 0.2516763867952838, -0.006808701793738151, -0.12132806156766283, 0.10644074004426857], "input_std": [0.9923402739262333, 0.2303775420174138, 0.1008501616953827, 0.09483290335159006, 0.19702426778143448, 0.4504633585840453, 0.08493066069796142, 0.11565190965544522], "label_mean": [-0.002650992327910705, -0.026595866946927716], "label_std": [0.13270703539152293, 0.0735791690585588], "add_control_limits": true, "add_liveness_filter": false, "separate_penalty_for_opp": true, "x_is_d_goal": true}