{"is_barriernet": true, "weights_path": "model_35_norm_doorsuite4_lfnew_nso_nego_wnewl_small_0_1_bn.pth", "nHidden1": 256, "nHidden21": 128, "nHidden22": 64, "nHidden23": 64, "nHidden24": 64, "input_mean": [1.1293730392027619, -2.6211453818470545e-06, -2.9266334449453792e-05, 0.1863771227914244, 0.0, 0.0, -2.9266334449454182e-05, 0.1863771227914244, 0.12937303920276824, 0.00033188589687167336, 0.0, 0.0, 0.12937303920276824, -0.00032539109843349336, 0.0, 0.0, 0.12937303920276824, 0.0006487873053223816, 0.0, 0.0, 0.12937303920276824, -0.0005718699716729199, 0.0, 0.0, 0.12937303920276824, 0.0004492567888904562, 0.0, 0.0, 0.12937303920276824, -0.0003723394552409997, 0.0, 0.0, 0.12937303920276824, 0.0007250783851345884, 0.0, 0.0, 0.12937303920276824, -0.0006246868730813775, 0.0, 0.0, 0.12937303920276824, 0.002004421108139294, 0.0, 0.0, 0.12937303920276824, -0.0019627150420954754, 0.0, 0.0, 0.12937303920276824, 0.0009011347231627503, 0.0, 0.0, 7.201841038632277], "input_std": [0.9645422329822654, 0.37849151225620015, 0.2633170284193043, 0.10875110240870853, 0.21502013758618307, 0.4856356065653481, 0.26331702841930427, 0.10875110240870851, 0.9645422329822647, 0.11301968319894407, 0.0, 0.0, 0.9645422329822647, 0.18308696496854493, 0.0, 0.0, 0.9645422329822647, 0.2558702114534609, 0.0, 0.0, 0.9645422329822647, 0.32516838699825834, 0.0, 0.0, 0.9645422329822647, 0.38633368922721173, 0.0, 0.0, 0.9645422329822647, 0.45328082318791524, 0.0, 0.0, 0.9645422329822647, 0.509285098552288, 0.0, 0.0, 0.9645422329822647, 0.5694445237782448, 0.0, 0.0, 0.9645422329822647, 0.6211701597054965, 0.0, 0.0, 0.9645422329822647, 0.679435275589405, 0.0, 0.0, 0.9645422329822647, 0.7319576572336706, 0.0, 0.0, 9.734905417737352], "label_mean": [-8.966047371667617e-06, -0.009307688392630084], "label_std": [0.0839620099306311, 0.050837980997851404], "add_control_limits": false, "add_liveness_filter": true, "separate_penalty_for_opp": false, "x_is_d_goal": true, "add_liveness_as_input": false, "n_opponents": 12, "fixed_liveness_input": true, "static_obs_xy_only": false, "ego_frame_inputs": false, "add_new_liveness_as_input": true}