{"is_barriernet": true, "weights_path": "model_base_single_input_obs_wc_wlim_f_suite_0_bn.pth", "nHidden1": 256, "nHidden21": 64, "nHidden22": 64, "nHidden23": 64, "nHidden24": null, "input_mean": [1.1401230873524166, -0.21741449065990714, -0.1667457124053051, 0.17766411459165618, -0.2442613479018305, -0.1827590925746022, 0.17580032855815142, 0.17658408681082086, 0.14012308735241696, -0.04625659592306481, 0.0, 0.0, 0.14012308735241696, -0.05278291171253854, 0.0, 0.0, 0.14012308735241696, -0.05994080644938057, 0.0, 0.0, 0.14012308735241696, 0.07795393039272466, 0.0, 0.0, 0.14012308735241696, 0.06342761460325094, 0.0, 0.0, 0.14012308735241696, 0.09100656197167191, 0.0, 0.0, 0.14012308735241696, 0.0440591935506194, 0.0, 0.0, 0.14012308735241696, 0.08848024618219837, 0.0, 0.0, 0.14012308735241696, -0.020361859080959537, 0.0, 0.0, 0.14012308735241696, 0.009743404076935126, 0.0, 0.0, 0.14012308735241696, -0.13320396434411735, 0.0, 0.0], "input_std": [1.0098718204112722, 0.2157243562196944, 0.08341092125883118, 0.11594375382428214, 0.1774655705974876, 0.4285510093799497, 0.09484350601117178, 0.09673425080286234, 1.0098718204112722, 0.10949954138859418, 0.0, 0.0, 1.0098718204112722, 0.1872926323149025, 0.0, 0.0, 1.0098718204112722, 0.2667159890725119, 0.0, 0.0, 1.0098718204112722, 0.33273243443706, 0.0, 0.0, 1.0098718204112722, 0.3861385796048361, 0.0, 0.0, 1.0098718204112722, 0.4501769289255217, 0.0, 0.0, 1.0098718204112722, 0.506024544586466, 0.0, 0.0, 1.0098718204112722, 0.5653184428299554, 0.0, 0.0, 1.0098718204112722, 0.618330509943271, 0.0, 0.0, 1.0098718204112722, 0.6819420262742438, 0.0, 0.0, 1.0098718204112722, 0.7170742590930601, 0.0, 0.0], "label_mean": [-0.007620995413592886, 0.00023458192299719198], "label_std": [0.10900567328893063, 0.05687742877679305], "add_control_limits": true, "add_liveness_filter": false, "separate_penalty_for_opp": false, "x_is_d_goal": true, "add_liveness_as_input": false, "n_opponents": 12}