{"is_barriernet": true, "weights_path": "model_smg_w_lims_opp_pen_dgoal_obs_l_all_1_bn.pth", "nHidden1": 256, "nHidden21": 64, "nHidden22": 64, "nHidden23": 64, "nHidden24": 64, "input_mean": [0.8918580096021418, 0.17344948295340484, 0.1506882572424726, 0.14989270164819998, 0.014742312439687788, 0.04494670743297672, -0.14858478478741063, 0.1415039330280213], "input_std": [1.0108383526193416, 0.23381755225777684, 0.10119805371602568, 0.12176247252092003, 0.7380909904125172, 0.43354792793533037, 0.10224899259261644, 0.12296196352840076], "label_mean": [-0.0013271260557725269, -0.009389099797277296], "label_std": [0.11575473474883322, 0.05395296407498408], "add_control_limits": true, "add_liveness_filter": true, "separate_penalty_for_opp": true, "x_is_d_goal": true}