{"is_barriernet": true, "weights_path": "model_base_input_obs_wc_nolim_saf_intersuite_0_1_bn.pth", "nHidden1": 256, "nHidden21": 64, "nHidden22": 64, "nHidden23": 64, "nHidden24": null, "input_mean": [0.3571125183349583, 0.35712048011647873, 0.7853988969255632, 0.11112942005046823, 0.0, 0.0, 0.7853988969255632, 0.11112942005046823, 0.04016807389051348, 0.07517603567203401, 0.0, 0.0, -0.009831926109486471, -0.036490630994632636, 0.0, 0.0, -0.008998592776153148, 0.02434270233870073, 0.0, 0.0, -0.05344303722059759, -0.08010174210574368, 0.0, 0.0, 0.007945851668291317, 0.04462048011647853, 0.0, 0.0, -0.06427637055393089, -0.09093507543907704, 0.0, 0.0, -0.005109703887264312, 0.024898257894256308, 0.0, 0.0, -0.08622081499837536, -0.11121285321685487, 0.0, 0.0, -0.0356652594428198, 0.011009369005367428, 0.0, 0.0, -0.13233192610948635, -0.12399063099463258, 0.0, 0.0, -0.03622081499837536, 0.0021204801164785114, 0.0, 0.0], "input_std": [0.6538560691753346, 0.6538517289457804, 0.7853993269980671, 0.1120814241929294, 0.8256212942919077, 0.8256084546939361, 0.7853993269980671, 0.11208142419292941, 0.2128058821579186, 0.20310632310152243, 0.0, 0.0, 0.21635640458281524, 0.21348019253607145, 0.0, 0.0, 0.2229770289891446, 0.22182785799161242, 0.0, 0.0, 0.21667908343567924, 0.2082917816013181, 0.0, 0.0, 0.24504442727970416, 0.2410862316314568, 0.0, 0.0, 0.23661907762188425, 0.22769894428625667, 0.0, 0.0, 0.27628518949252495, 0.2752148403347605, 0.0, 0.0, 0.2625567236272295, 0.2529767391756133, 0.0, 0.0, 0.3134799082044409, 0.31531255041404355, 0.0, 0.0, 0.2864220732693711, 0.290123849791238, 0.0, 0.0, 0.3591653698449342, 0.3609858353786225, 0.0, 0.0], "label_mean": [1.2180454911346638e-06, 3.711330500663678e-08], "label_std": [0.00046004107693962135, 0.049987956205131204], "add_control_limits": false, "add_liveness_filter": false, "separate_penalty_for_opp": false, "x_is_d_goal": true, "add_liveness_as_input": false, "n_opponents": 12, "fixed_liveness_input": true}