{"is_barriernet": true, "weights_path": "model_30_norm_doorsuite2_lf_0_1_bn.pth", "nHidden1": 256, "nHidden21": 64, "nHidden22": 64, "nHidden23": 64, "nHidden24": 64, "input_mean": [1.270047263332965, -2.055747176756111e-05, -4.863878301589367e-05, 0.185107677355344, 0.0, 0.0, -4.86387830158951e-05, 0.185107677355344, 0.2700472633329655, 0.0006336481357090752, 0.0, 0.0, 0.2700472633329655, -0.000674763079244194, 0.0, 0.0, 0.2700472633329655, 0.00138131168711094, 0.0, 0.0, 0.2700472633329655, -0.0010485948549451207, 0.0, 0.0, 0.2700472633329655, 0.0010074799114100175, 0.0, 0.0, 0.2700472633329655, -0.0009551369110198904, 0.0, 0.0, 0.2700472633329655, 0.001568227574961417, 0.0, 0.0, 0.2700472633329655, -0.0015158845745712854, 0.0, 0.0, 0.2700472633329655, 0.004278507948793195, 0.0, 0.0, 0.2700472633329655, -0.004226164948403078, 0.0, 0.0, 0.2700472633329655, 0.0021289752385128054, 0.0, 0.0], "input_std": [0.9946837048763748, 0.41052776208279235, 0.254321431829329, 0.10473956942629364, 0.22070413894769553, 0.5101294524500921, 0.254321431829329, 0.10473956942629364, 0.9946837048763747, 0.11189799721176366, 0.0, 0.0, 0.9946837048763747, 0.17954623029173902, 0.0, 0.0, 0.9946837048763747, 0.2516523616975172, 0.0, 0.0, 0.9946837048763747, 0.31880905628126566, 0.0, 0.0, 0.9946837048763747, 0.38181361297047073, 0.0, 0.0, 0.9946837048763747, 0.44785626366882497, 0.0, 0.0, 0.9946837048763747, 0.5063570041483876, 0.0, 0.0, 0.9946837048763747, 0.5660626260173588, 0.0, 0.0, 0.9946837048763747, 0.6209016265858854, 0.0, 0.0, 0.9946837048763747, 0.6798455918651355, 0.0, 0.0, 0.9946837048763747, 0.7357245993514676, 0.0, 0.0], "label_mean": [-9.850274736182193e-06, 0.00089169685933181], "label_std": [0.08889681921179156, 0.05878394387267544], "add_control_limits": false, "add_liveness_filter": true, "separate_penalty_for_opp": false, "x_is_d_goal": true, "add_liveness_as_input": false, "n_opponents": 12, "fixed_liveness_input": true}