{"is_barriernet": true, "weights_path": "model_smg_w_lims_opp_pen_dgoal_obs_l_s_1_bn.pth", "nHidden1": 256, "nHidden21": 64, "nHidden22": 64, "nHidden23": 64, "nHidden24": 64, "input_mean": [0.894166439274471, 0.17113136815503224, 0.154106816866311, 0.15669235516689306, 0.2516763867952839, -0.006808701793738208, -0.12132806156766296, 0.1064407400442686], "input_std": [0.9923402739262333, 0.23037754201741378, 0.10085016169538272, 0.09483290335159009, 0.19702426778143453, 0.4504633585840451, 0.0849306606979614, 0.11565190965544518], "label_mean": [-0.002650992327910707, -0.026595866946927726], "label_std": [0.1327070353915229, 0.07357916905855878], "add_control_limits": true, "add_liveness_filter": true, "separate_penalty_for_opp": true, "x_is_d_goal": true}