{"is_barriernet": false, "weights_path": "model_liveness_1_fc.pth", "nHidden1": 128, "nHidden21": 32, "nHidden22": 32, "input_mean": [0.7097180152021004, -0.10207291373001692, 0.26496399932003944, 0.14327352700621465, 1.0092558107385405, -0.046848628586361254, -0.29013555199377866, 0.1412346421969969], "input_std": [0.9967779828310415, 0.3048185266557343, 0.22817596945708457, 0.07885602908944589, 1.047195394768678, 0.3538583923077, 0.13336085615842141, 0.125377455577408], "label_mean": [0.0002197931425209368, 0.00960769019302874], "label_std": [0.08266656581456094, 0.17370541978708978]}