{"is_barriernet": true, "weights_path": "model_l_saf_0_bn.pth", "nHidden1": 128, "nHidden21": 32, "nHidden22": 32, "input_mean": [0.8979459886208606, -0.005505681672283053, -0.2942732869806681, 0.14182833874097736, 0.8979460505562477, 0.005505538760399884, 0.2942730970264114, 0.14182834112559609], "input_std": [1.0370810250949452, 0.35701500746222903, 0.1666364879259405, 0.10916551572488592, 1.0370810839163487, 0.3570148774733947, 0.16663647463049097, 0.10916551661695376], "label_mean": [4.595863459022212e-05, -0.014333913223495065], "label_std": [0.06650161212509005, 0.12444183064524257]}