{"is_barriernet": true, "weights_path": "model_dopp_obs_l_saf_1_bn.pth", "include_goal": false, "nHidden1": 256, "nHidden21": 64, "nHidden22": 64, "input_mean": [1.1058335607255283, -0.02113136815503236, 0.15410681686631097, 0.15669235516689298, 0.2516763867952838, -0.006808701793738151, -0.2754348784339739, -0.05025161512262447], "input_std": [0.9923402739262331, 0.2303775420174138, 0.1008501616953827, 0.09483290335159006, 0.19702426778143448, 0.4504633585840453, 0.15716472460442735, 0.0979964704391249], "label_mean": [-0.002650992327910705, -0.026595866946927716], "label_std": [0.13270703539152293, 0.0735791690585588]}