{"is_barriernet": true, "weights_path": "model_o_l_saf_0_bn.pth", "include_goal": false, "nHidden1": 128, "nHidden21": 32, "nHidden22": 32, "input_mean": [1.0087351052367663, -0.05068500072881616, -0.32249410785702415, 0.14955279638677368, 1.0080106578563006, 0.051201942187614154, 0.32368485480520603, 0.14953292271206667], "input_std": [0.9599765100304554, 0.3450248235729004, 0.1532925966013193, 0.11343289144327066, 0.9595200678506194, 0.3455830325042292, 0.15342591010985213, 0.11340075397088636], "label_mean": [-0.005627336338144327, -0.014079673474504778], "label_std": [0.06032799768904012, 0.12138076391124548]}