{"is_barriernet": true, "weights_path": "model_30_smgbin_w_lims_opp_pen_dgoal_obs_l_all_1_bn.pth", "nHidden1": 256, "nHidden21": 64, "nHidden22": 64, "nHidden23": 64, "nHidden24": 64, "input_mean": [0.8969629027676697, 0.17454361552900952, 0.15061435587886063, 0.1499523146996127, 0.022979095063702683, 0.046055514651939314, -0.1473601591955533, 0.13682244453581116], "input_std": [1.0149386520530337, 0.23478267243049802, 0.10079874703849631, 0.11927255345392243, 0.6700257989142994, 0.4429073979679839, 0.10240658458569514, 0.1208998106293419], "label_mean": [-0.001100573763523131, -0.010833941097236044], "label_std": [0.1171901301233066, 0.056729966418989274], "add_control_limits": true, "add_liveness_filter": true, "separate_penalty_for_opp": true, "x_is_d_goal": true}