{"is_barriernet": true, "weights_path": "model_test_obs_l_f_1_bn.pth", "include_goal": false, "nHidden1": 256, "nHidden21": 64, "nHidden22": 64, "input_mean": [0.8035066228917602, -0.09627147161444387, 0.17494413354239868, 0.14052007558069543, 1.052514571252061, 0.0394809350411251, -0.14456079870564165, 0.1402574750763976], "input_std": [1.0998180167973526, 0.2525360457646424, 0.11844164925723526, 0.1017798467796595, 1.082357945858216, 0.24907476946235724, 0.09675890574845414, 0.12871452308374887], "label_mean": [0.004257270954049703, 1.2486075542546666e-08], "label_std": [0.16290228966019324, 0.0766613739875882]}