{"is_barriernet": true, "weights_path": "model_base_single_input_obs_wc_nolim_0_bn.pth", "nHidden1": 256, "nHidden21": 64, "nHidden22": 64, "nHidden23": 64, "nHidden24": null, "input_mean": [0.729481302587844, -0.14416052056252435, -0.13659047540694194, 0.12076009529014749, -0.24965963980311554, -0.033931167828818436, 0.15449085668852483, 0.17752761651845572, -0.2705186974121554, -0.06865031648089176, 0.0, 0.0, -0.2705186974121554, -0.11831018042646992, 0.0, 0.0, -0.2705186974121554, -0.16116732328361288, 0.0, 0.0, -0.2705186974121554, -0.12647344573259237, 0.0, 0.0, -0.2705186974121554, 0.19189390120618305, 0.0, 0.0, -0.2705186974121554, -0.15164351375980328, 0.0, 0.0, -0.2705186974121554, 0.2769279148116253, 0.0, 0.0, -0.2705186974121554, -0.18769793552851075, 0.0, 0.0, -0.2705186974121554, 0.31366260868917634, 0.0, 0.0, -0.2705186974121554, -0.36728977226320475, 0.0, 0.0, -0.2705186974121554, 0.19257417331502655, 0.0, 0.0], "input_std": [1.0089999131951293, 0.22927075029930866, 0.07948173472959587, 0.11578494944254969, 0.16814238997516362, 0.4642239450962146, 0.07122789619107224, 0.09189003123854152, 1.0089999131951293, 0.07809902383529203, 0.0, 0.0, 1.0089999131951293, 0.14650438013837938, 0.0, 0.0, 1.0089999131951293, 0.22305367872040088, 0.0, 0.0, 1.0089999131951293, 0.3334665101019267, 0.0, 0.0, 1.0089999131951293, 0.33880767435053394, 0.0, 0.0, 1.0089999131951293, 0.43763504196359876, 0.0, 0.0, 1.0089999131951293, 0.4142513286172638, 0.0, 0.0, 1.0089999131951293, 0.5433212739720914, 0.0, 0.0, 1.0089999131951293, 0.5227371674145914, 0.0, 0.0, 1.0089999131951293, 0.5852646233716755, 0.0, 0.0, 1.0089999131951293, 0.7015315768998786, 0.0, 0.0], "label_mean": [-0.002794650053411156, -0.010240331538972143], "label_std": [0.09633990781242499, 0.04326734984794537], "add_control_limits": false, "add_liveness_filter": false, "separate_penalty_for_opp": false, "x_is_d_goal": true, "add_liveness_as_input": false, "n_opponents": 12}