{"is_barriernet": true, "weights_path": "model_30_norm_doorsuite2_lfnew_so_ego_0_1_bn.pth", "nHidden1": 256, "nHidden21": 128, "nHidden22": 64, "nHidden23": 64, "nHidden24": 64, "input_mean": [1.3068018019663459, 9.665095539161024e-07, 0.0, 0.185107677355344, 0.008543848857505476, -2.5973574404553006e-06, 0.0, 0.185107677355344, 0.27116980640260213, 0.0006071709188738216, 0.2703133431188042, -0.0007001591977794863, 0.27573132525953054, 0.0013561856044521277, 0.26533245131259725, -0.001074329182773464, 0.27673325705771573, 0.0009853651317568417, 0.26184050719524626, -0.0009829939867857184, 0.269584169937069, 0.0015478597198243633, 0.2549530810956513, -0.001546106108070472, 0.2763659027320636, 0.004256689472562553, 0.2641167918112011, -0.0042574147318357155, 0.2910889829661507, 0.002107469386409599], "input_std": [1.0185436133827515, 0.1605824577070794, 0.0, 0.10473956942629364, 0.25076028624546715, 0.4959724354112024, 0.503769761239904, 0.10473956942629364, 0.9641129053133473, 0.2679470726048031, 0.95495718259247, 0.3309765656681534, 0.9496831764253472, 0.38434916130521635, 0.9489659913402249, 0.4393433673964533, 0.9382130776149473, 0.5012761731138053, 0.9475312661209215, 0.5445368900377406, 0.9472450185960543, 0.5905674613138275, 0.9609172161043503, 0.6280008212175631, 0.9670387139421243, 0.6605287479334012, 1.0024934170829438, 0.6706416553103166, 1.0157014310953736, 0.698018467696943], "label_mean": [-9.850274736182193e-06, 0.00089169685933181], "label_std": [0.08889681921179156, 0.05878394387267544], "add_control_limits": false, "add_liveness_filter": true, "separate_penalty_for_opp": false, "x_is_d_goal": true, "add_liveness_as_input": false, "n_opponents": 12, "fixed_liveness_input": true, "static_obs_xy_only": true, "ego_frame_inputs": true}