{"is_barriernet": true, "weights_path": "model3_l_saf_1_bn.pth", "include_goal": false, "nHidden1": 128, "nHidden21": 32, "nHidden22": 32, "input_mean": [0.9548430278758493, 0.030225499617117034, 0.2570098023310006, 0.15596245092856795, 1.1888397375097046, -0.09310518743621579, -0.2592207926531577, 0.15597414433201687], "input_std": [1.260996358477702, 0.34625244573320224, 0.042487239790276715, 0.12187806608876635, 1.2064581430050287, 0.3326456827268675, 0.04178705340469635, 0.13227373959526306], "label_mean": [0.012217074722672968, -2.868104142206834e-10], "label_std": [0.04217344621128583, 0.06376984810562501]}