{"is_barriernet": true, "weights_path": "model_obs_l_saf_0_bn.pth", "include_goal": false, "nHidden1": 256, "nHidden21": 64, "nHidden22": 64, "input_mean": [1.0968561987872203, 0.026286686335892435, -0.15246009381988432, 0.14854088801928025, 1.096809370823386, -0.026285440718612912, 0.1524325357819347, 0.14854125995779066], "input_std": [1.0152790947529053, 0.2346005354986807, 0.10386344218921345, 0.12449299016398442, 1.0152535668907088, 0.23462020594615401, 0.10388064211245568, 0.1244710285090824], "label_mean": [0.0010214126840598597, -0.006221312776331204], "label_std": [0.11842580940237186, 0.050542795325365694]}