{"is_barriernet": true, "weights_path": "model_base_input_obs_wc_nolim_saf_intersuite_0_1_bn.pth", "nHidden1": 256, "nHidden21": 64, "nHidden22": 64, "nHidden23": 64, "nHidden24": null, "input_mean": [0.4223264891036252, 0.42257997565811284, 0.7855764180166835, 0.14290456765780077, 0.0, 0.0, 0.7855764180166835, 0.14290456765780077, 0.008040774817911035, 0.05757997565811285, 0.0, 0.0, -0.06481636803923185, -0.10706288148474431, 0.0, 0.0, 0.005540774817911045, 0.05436568994382712, 0.0, 0.0, -0.03017351089637466, -0.07063431005617288, 0.0, 0.0, 0.03982648910362537, 0.09400854708668425, 0.0, 0.0, -0.043030653753517493, -0.08349145291331571, 0.0, 0.0, 0.021255060532196755, 0.06436568994382715, 0.0, 0.0, -0.05517351089637469, -0.09670573862760143, 0.0, 0.0, -0.0051735108963746656, 0.06257997565811284, 0.0, 0.0, -0.08445922518208893, -0.08384859577045856, 0.0, 0.0, -0.012316368039231787, 0.03686568994382713, 0.0, 0.0], "input_std": [0.6800655109541379, 0.680008023841322, 0.7769676860394333, 0.11162320512737495, 0.7843096884639496, 0.7841618708081504, 0.7769676860394333, 0.11162320512737495, 0.21291391636145698, 0.20525347070603028, 0.0, 0.0, 0.20462434706814076, 0.18603250028824247, 0.0, 0.0, 0.22315605220125595, 0.21646591536397608, 0.0, 0.0, 0.22397684483711439, 0.2145431567218582, 0.0, 0.0, 0.23916141780651873, 0.22359275118446376, 0.0, 0.0, 0.2413163304357693, 0.23033591099671624, 0.0, 0.0, 0.2691651252893292, 0.26231896348629674, 0.0, 0.0, 0.26630442354098477, 0.2550473645956081, 0.0, 0.0, 0.30634324854409495, 0.29912833694812485, 0.0, 0.0, 0.29727465631009886, 0.29701736299304854, 0.0, 0.0, 0.3468210369210646, 0.3454322104414863, 0.0, 0.0], "label_mean": [3.761881502106363e-05, 0.0001763868328784755], "label_std": [0.06947945477594378, 0.06173384994657996], "add_control_limits": false, "add_liveness_filter": false, "separate_penalty_for_opp": false, "x_is_d_goal": true, "add_liveness_as_input": false, "n_opponents": 12, "fixed_liveness_input": true}