{
    "is_barriernet": true,
    "weights_path": "srikar_iter_5_3opp_od_0_1_bn.pth",
    "nHidden1": 256,
    "nHidden21": 128,
    "nHidden22": 64,
    "nHidden24": 64,
    "input_mean": [
        1.1641242763963224,
        -2.03610187367782e-05,
        0.0,
        0.1863771227914244,
        -0.0008427052997190775,
        -4.846551415853251e-05,
        0.0,
        0.1863771227914244,
        0.13237145458558197,
        0.000282651790329754,
        1.0409028787844405,
        0.13130077826547865,
        -0.0003656369931397053,
        1.0607165331310109,
        6.919903016914791
    ],
    "input_std": [
        0.9906852448914267,
        0.1115276646665104,
        0.0,
        0.10875110240870853,
        0.25060858017238097,
        0.46826299125014176,
        0.5222487789087434,
        0.10875110240870851,
        0.929635940616015,
        0.279477007017503,
        0.02064283205809075,
        0.9206360850762385,
        0.34027814489283337,
        0.023339999807322143,
        7.148926109249695
    ],
    "label_mean": [
        -8.966047371667617e-06,
        -0.009307688392630084
    ],
    "label_std": [
        0.0839620099306311,
        0.050837980997851404
    ],
    "add_control_limits": false,
    "add_liveness_filter": true,
    "separate_penalty_for_opp": false,
    "x_is_d_goal": true,
    "add_liveness_as_input": false,
    "n_opponents": 3,
    "fixed_liveness_input": true,
    "static_obs_xy_only": true,
    "ego_frame_inputs": true,
    "add_new_liveness_as_input": true,
    "sep_pen_for_each_obs": true,
    "add_dist_to_static_obs": true,
    "nHidden23": null
}