{"is_barriernet": true, "weights_path": "srikar_iter_7_nol_suite5_0_1_bn.pth", "nHidden1": 256, "nHidden21": 128, "nHidden22": 64, "nHidden24": 64, "input_mean": [1.1282732941667015, -4.475671631037404e-05, -9.57866250650252e-05, 0.18605402728747525, 0.0, 0.0, -9.578662506502418e-05, 0.18605402728747528, 0.12827329416670288, 0.0003358053445795585, 0.0, 0.0, 0.12827329416670288, -0.0002145459434766492, 0.0, 0.0, 0.12827329416670288, 0.0007749154148371702, 0.0, 0.0, 0.12827329416670288, -0.0005131407912518285, 0.0, 0.0, 0.12827329416670288, 0.00046461096518845223, 0.0, 0.0, 0.12827329416670288, -0.0005307051940621283, 0.0, 0.0, 0.12827329416670288, 0.0007866250167107052, 0.0, 0.0, 0.12827329416670288, -0.0007590424305960825, 0.0, 0.0, 0.12827329416670288, 0.0021449388340408822, 0.0, 0.0, 0.12827329416670288, -0.00211735624792629, 0.0, 0.0, 0.12827329416670288, 0.0010676554616755795, 0.0, 0.0], "input_std": [0.9641687084850384, 0.37891733476737594, 0.2667578386330714, 0.10877630408691573, 0.2177151210174923, 0.4840137452104091, 0.2667578386330714, 0.10877630408691573, 0.9641687084850382, 0.1145751605644237, 0.0, 0.0, 0.9641687084850382, 0.18291279942514457, 0.0, 0.0, 0.9641687084850382, 0.25698766403472656, 0.0, 0.0, 0.9641687084850382, 0.32562447937438144, 0.0, 0.0, 0.9641687084850382, 0.3869095946784299, 0.0, 0.0, 0.9641687084850382, 0.45300579030567983, 0.0, 0.0, 0.9641687084850382, 0.5095358878237077, 0.0, 0.0, 0.9641687084850382, 0.5691039811438846, 0.0, 0.0, 0.9641687084850382, 0.6214352904431057, 0.0, 0.0, 0.9641687084850382, 0.679159625827176, 0.0, 0.0, 0.9641687084850382, 0.7322829693081332, 0.0, 0.0], "label_mean": [-1.9046707546922985e-05, -0.009293738451399566], "label_std": [0.09457754900281254, 0.051272133374025836], "add_control_limits": false, "add_liveness_filter": true, "separate_penalty_for_opp": false, "x_is_d_goal": true, "add_liveness_as_input": false, "n_opponents": 12, "fixed_liveness_input": true, "static_obs_xy_only": false, "ego_frame_inputs": false, "add_new_liveness_as_input": false, "sep_pen_for_each_obs": false, "add_dist_to_static_obs": false, "nHidden23": null}