{"is_barriernet": true, "weights_path": "srikar_iter_30_1_bn.pth", "nHidden1": 256, "nHidden21": 128, "nHidden22": 64, "nHidden24": 64, "input_mean": [1.1641242763963224, -2.03610187367782e-05, 0.0, 0.1863771227914244, -0.0008427052997190775, -4.846551415853251e-05, 0.0, 0.1863771227914244, 0.13237145458558197, 0.000282651790329754, 1.0409028787844405, 0.13130077826547865, -0.0003656369931397053, 1.0607165331310109, 0.13877805764178236, 0.000595779657042204, 1.0814901375301265, 0.1274365729249398, -0.0006068265749723665, 1.104266941012729, 0.14034003195652484, 0.00040981068127545595, 1.1294171000830937, 0.1254592408454552, -0.00042214948941815176, 1.153331357165338, 0.13453199609546554, 0.0006942504691794662, 1.1740429746607939, 0.11751626559060355, -0.0006884706607416222, 1.193507023811944, 0.14146005282111573, 0.001964243379138551, 1.2102792364598092, 0.12019992557661034, -0.00201651736977631, 1.2080520398918084, 0.1489466403543441, 0.0008770452757123445, 1.2222418368689811, 6.919903016914791], "input_std": [0.9906852448914267, 0.1115276646665104, 0.0, 0.10875110240870853, 0.25060858017238097, 0.46826299125014176, 0.5222487789087434, 0.10875110240870851, 0.929635940616015, 0.279477007017503, 0.02064283205809075, 0.9206360850762385, 0.34027814489283337, 0.023339999807322143, 0.9130180281659077, 0.3996091396865117, 0.02921062869695575, 0.9133262106889446, 0.4498985373709486, 0.050275457012410714, 0.9025586235281438, 0.5118842274608395, 0.06407793049025189, 0.9110433487832258, 0.5538976106643722, 0.08488059172358949, 0.9110914752515553, 0.5985515212509762, 0.1005960860222802, 0.9281108503665788, 0.6294015102740973, 0.11664781100063315, 0.9300672344457068, 0.6692500445317976, 0.12672746563235496, 0.9751253191537441, 0.6658781960230803, 0.1253349929698284, 0.9845914054058389, 0.7008821727119829, 0.12364955097439877, 7.148926109249695], "label_mean": [-8.966047371667617e-06, -0.009307688392630084], "label_std": [0.0839620099306311, 0.050837980997851404], "add_control_limits": false, "add_liveness_filter": true, "separate_penalty_for_opp": false, "x_is_d_goal": true, "add_liveness_as_input": false, "n_opponents": 12, "fixed_liveness_input": true, "static_obs_xy_only": true, "ego_frame_inputs": true, "add_new_liveness_as_input": true, "sep_pen_for_each_obs": true, "add_dist_to_static_obs": true, "nHidden23": null}