{"is_barriernet": true, "weights_path": "srikar_iter_6_3opp_od_seploop_suite5_0_1_bn.pth", "nHidden1": 256, "nHidden21": 128, "nHidden22": 64, "nHidden24": 64, "input_mean": [1.1628315384789345, -3.458703942469582e-05, 0.0, 0.18605402728747525, -0.0016858539021353729, -3.942362511319527e-05, 0.0, 0.18605402728747528, 0.13181972629545763, 0.0002512657660475361, 1.0409105606103684, 0.1302358045032356, -0.0002919603391023297, 1.0604033447159253, 6.941713777689186], "input_std": [0.9900575913147944, 0.1175119191583261, 0.0, 0.10877630408691573, 0.2537771413161395, 0.46611532731725785, 0.527632073108424, 0.10877630408691573, 0.9286234686846309, 0.28193060606240666, 0.020686262037868736, 0.9200685138908541, 0.34065371621755214, 0.0234898334614951, 7.139270865469682], "label_mean": [-1.9046707546922985e-05, -0.009293738451399566], "label_std": [0.09457754900281254, 0.051272133374025836], "add_control_limits": false, "add_liveness_filter": true, "separate_penalty_for_opp": false, "x_is_d_goal": true, "add_liveness_as_input": false, "n_opponents": 3, "fixed_liveness_input": true, "static_obs_xy_only": true, "ego_frame_inputs": true, "add_new_liveness_as_input": true, "sep_pen_for_each_obs": true, "add_dist_to_static_obs": true, "nHidden23": null}