{"is_barriernet": true, "weights_path": "srikar_iter_8_6nol_suite5_0_1_bn.pth", "nHidden1": 256, "nHidden21": 128, "nHidden22": 64, "nHidden24": 64, "input_mean": [0.9847001451019951, -1.1255420203016108e-05, -6.431516040874596e-05, 0.1869184506618592, 0.0, 0.0, -6.43151604087458e-05, 0.18691845066185922, -0.015299854898004344, -2.2992509404894287e-05, 0.0, 0.0, -0.015299854898004344, 7.090420421013147e-05, 0.0, 0.0, -0.015299854898004344, -8.167795541427874e-05, 0.0, 0.0, -0.015299854898004344, 0.0002704347206420638, 0.0, 0.0, -0.015299854898004344, -0.0003985793638649976, 0.0, 0.0], "input_std": [0.9096716112554983, 0.3469671350443407, 0.2728829699237422, 0.11273083215189819, 0.213803800194662, 0.4641585702855991, 0.2728829699237422, 0.11273083215189818, 0.9096716112554984, 0.11469064318857886, 0.0, 0.0, 0.9096716112554984, 0.18491397244494726, 0.0, 0.0, 0.9096716112554984, 0.2597226888392859, 0.0, 0.0, 0.9096716112554984, 0.33038508622781315, 0.0, 0.0, 0.9096716112554984, 0.3903279183825778, 0.0, 0.0], "label_mean": [-1.2198993189975845e-05, -0.019519997884509248], "label_std": [0.0979741024149545, 0.039578319723007786], "add_control_limits": false, "add_liveness_filter": true, "separate_penalty_for_opp": false, "x_is_d_goal": true, "add_liveness_as_input": false, "n_opponents": 6, "fixed_liveness_input": true, "static_obs_xy_only": false, "ego_frame_inputs": false, "add_new_liveness_as_input": false, "sep_pen_for_each_obs": false, "add_dist_to_static_obs": false, "nHidden23": null}